[{"model": "MigrationPractice.cellrequest", "pk": 1, "fields": {"status": "7", "request_date": "2019-04-30", "short_name": "HEK Cells", "notes": "Requesting addition of Human Embryonic Kidney cell line.", "requested_completion_date": "2019-05-20", "priority_request": false}}, {"model": "MigrationPractice.cellrequest", "pk": 2, "fields": {"status": "4", "request_date": "2019-04-30", "short_name": "CHO Cells", "notes": "Requesting addition of Chinese Hamster Ovary cell line.", "requested_completion_date": "2019-05-17", "priority_request": false}}, {"model": "MigrationPractice.cellrequest", "pk": 3, "fields": {"status": "4", "request_date": "2019-05-05", "short_name": "New request", "notes": "", "requested_completion_date": "2019-05-13", "priority_request": false}}]